name,price,url
Weedle,25.0,https://scrapeme.live/shop/Weedle/
Parasect,27.0,https://scrapeme.live/shop/Parasect/
Nidorina,28.0,https://scrapeme.live/shop/Nidorina/
Nidoking,31.0,https://scrapeme.live/shop/Nidoking/
Pikachu,37.0,https://scrapeme.live/shop/Pikachu/
Oddish,45.0,https://scrapeme.live/shop/Oddish/
Charmander,48.0,https://scrapeme.live/shop/Charmander/
Ninetales,52.0,https://scrapeme.live/shop/Ninetales/
Venomoth,53.0,https://scrapeme.live/shop/Venomoth/
Ekans,55.0,https://scrapeme.live/shop/Ekans/
Raticate,60.0,https://scrapeme.live/shop/Raticate/
Jigglypuff,61.0,https://scrapeme.live/shop/Jigglypuff/
Bulbasaur,63.0,https://scrapeme.live/shop/Bulbasaur/
Caterpie,73.0,https://scrapeme.live/shop/Caterpie/
Blastoise,76.0,https://scrapeme.live/shop/Blastoise/
Sandshrew,82.0,https://scrapeme.live/shop/Sandshrew/
Pidgeotto,84.0,https://scrapeme.live/shop/Pidgeotto/
Vulpix,85.0,https://scrapeme.live/shop/Vulpix/
Ivysaur,87.0,https://scrapeme.live/shop/Ivysaur/
Fearow,95.0,https://scrapeme.live/shop/Fearow/
Venusaur,105.0,https://scrapeme.live/shop/Venusaur/
Nidoqueen,106.0,https://scrapeme.live/shop/Nidoqueen/
Diglett,122.0,https://scrapeme.live/shop/Diglett/
Wartortle,123.0,https://scrapeme.live/shop/Wartortle/
Zubat,125.0,https://scrapeme.live/shop/Zubat/
Rattata,128.0,https://scrapeme.live/shop/Rattata/
Squirtle,130.0,https://scrapeme.live/shop/Squirtle/
Wigglytuff,130.0,https://scrapeme.live/shop/Wigglytuff/
Spearow,133.0,https://scrapeme.live/shop/Spearow/
Golbat,136.0,https://scrapeme.live/shop/Golbat/
Raichu,140.0,https://scrapeme.live/shop/Raichu/
Metapod,148.0,https://scrapeme.live/shop/Metapod/
Kakuna,148.0,https://scrapeme.live/shop/Kakuna/
Sandslash,155.0,https://scrapeme.live/shop/Sandslash/
Charizard,156.0,https://scrapeme.live/shop/Charizard/
Venonat,158.0,https://scrapeme.live/shop/Venonat/
Pidgey,159.0,https://scrapeme.live/shop/Pidgey/
Clefairy,160.0,https://scrapeme.live/shop/Clefairy/
Butterfree,162.0,https://scrapeme.live/shop/Butterfree/
Charmeleon,165.0,https://scrapeme.live/shop/Charmeleon/
Paras,168.0,https://scrapeme.live/shop/Paras/
Beedrill,168.0,https://scrapeme.live/shop/Beedrill/
Vileplume,170.0,https://scrapeme.live/shop/Vileplume/
Gloom,178.0,https://scrapeme.live/shop/Gloom/
Nidorino,179.0,https://scrapeme.live/shop/Nidorino/
Arbok,182.0,https://scrapeme.live/shop/Arbok/
Pidgeot,185.0,https://scrapeme.live/shop/Pidgeot/
Clefable,188.0,https://scrapeme.live/shop/Clefable/
